from_hex,op,bytes,disp_hex,to_hex,to_region,verificationStatus
0x2091,LJMP,e78c20,0x208C,0x4120,CODE,cross_checked
0x2094,LJMP,e77b16,0x167B,0x3712,CODE,cross_checked
0x2097,LJMP,e7df15,0x15DF,0x3679,CODE,cross_checked
0x209A,LJMP,e7701a,0x1A70,0x3B0D,CODE,cross_checked
0x209D,LJMP,e7b01d,0x1DB0,0x3E50,CODE,cross_checked
0x20A0,LJMP,e7bf0e,0x0EBF,0x2F62,CODE,cross_checked
0x20A3,LJMP,e78a0f,0x0F8A,0x3030,CODE,cross_checked
0x20A6,LJMP,e79d0f,0x0F9D,0x3046,CODE,cross_checked
0x20A9,LJMP,e7c701,0x01C7,0x2273,CODE,cross_checked
0x20AC,LJMP,e7d302,0x02D3,0x2382,CODE,cross_checked
0x20AF,LJMP,e7f80d,0x0DF8,0x2EAA,CODE,cross_checked
0x20B2,LJMP,e7b401,0x01B4,0x2269,CODE,cross_checked
0x20B5,LJMP,e7230e,0x0E23,0x2EDB,CODE,cross_checked
0x20B8,LJMP,e77d0e,0x0E7D,0x2F38,CODE,cross_checked
0x20BB,LJMP,e7ea14,0x14EA,0x35A8,CODE,cross_checked
0x20BE,LJMP,e7ed19,0x19ED,0x3AAE,CODE,cross_checked
0x20C1,LJMP,e76e17,0x176E,0x3832,CODE,cross_checked
0x20C4,LJMP,e79f1b,0x1B9F,0x3C66,CODE,cross_checked
0x20C7,LJMP,e7f812,0x12F8,0x33C2,CODE,cross_checked
0x20CA,LJMP,e7e112,0x12E1,0x33AE,CODE,cross_checked
0x20CD,LJMP,e76c13,0x136C,0x343C,CODE,cross_checked
0x20D0,LJMP,e75e13,0x135E,0x3431,CODE,cross_checked
0x20D3,LJMP,e78d14,0x148D,0x3563,CODE,cross_checked
0x20D9,LJMP,e72a15,0x152A,0x3606,CODE,cross_checked
0x20DC,LJMP,e72c15,0x152C,0x360B,CODE,cross_checked
0x20DF,LJMP,e72115,0x1521,0x3603,CODE,cross_checked
0x20E2,LJMP,e76315,0x1563,0x3648,CODE,cross_checked
0x20E8,LJMP,e75a15,0x155A,0x3645,CODE,cross_checked
0x20EB,LJMP,e74f15,0x154F,0x363D,CODE,cross_checked
0x20EE,LJMP,e72a1b,0x1B2A,0x3C1B,CODE,cross_checked
0x25EC,LJMP,e71504,0x0415,0x2A04,CODE,cross_checked
0x25EF,LCALL,ef311b,0x1B31,0x4123,CODE,cross_checked
0x2779,LJMP,e70507,0x0705,0x2E81,CODE,cross_checked
0x2784,LCALL,efa519,0x19A5,0x412C,CODE,cross_checked
0x2879,LJMP,e70506,0x0605,0x2E81,CODE,cross_checked
0x2906,LJMP,e77805,0x0578,0x2E81,CODE,cross_checked
0x2A01,LJMP,e77d04,0x047D,0x2E81,CODE,cross_checked
0x2A24,LJMP,e75a04,0x045A,0x2E81,CODE,cross_checked
0x2BAC,LJMP,e7d202,0x02D2,0x2E81,CODE,cross_checked
0x2EA7,LJMP,e7bef5,0xF5BE,0x2468,CODE,cross_checked
0x2FFA,LCALL,efaff0,0xF0AF,0x20AC,CODE,cross_checked
0x3015,LCALL,ef97f3,0xF397,0x23AF,CODE,cross_checked
0x318C,LCALL,efdd0f,0x0FDD,0x416C,CODE,cross_checked
0x318F,LCALL,efdd0f,0x0FDD,0x416F,CODE,cross_checked
0x31CF,LCALL,ef5d0f,0x0F5D,0x412F,CODE,cross_checked
0x320B,LCALL,ef210f,0x0F21,0x412F,CODE,cross_checked
0x3214,LCALL,ef230f,0x0F23,0x413A,CODE,cross_checked
0x3231,LCALL,effb0e,0x0EFB,0x412F,CODE,cross_checked
0x324E,LCALL,efe90e,0x0EE9,0x413A,CODE,cross_checked
0x3332,LCALL,effa0d,0x0DFA,0x412F,CODE,cross_checked
0x334F,LCALL,efe80d,0x0DE8,0x413A,CODE,cross_checked
0x367D,LCALL,ef8f01,0x018F,0x380F,CODE,cross_checked
0x368D,LJMP,e7960a,0x0A96,0x4126,CODE,cross_checked
0x3697,LJMP,e78c0a,0x0A8C,0x4126,CODE,cross_checked
0x36A1,LJMP,e7820a,0x0A82,0x4126,CODE,cross_checked
0x36AB,LJMP,e7780a,0x0A78,0x4126,CODE,cross_checked
0x378A,LCALL,ef9f09,0x099F,0x412C,CODE,cross_checked
0x3791,LCALL,efde09,0x09DE,0x4172,CODE,cross_checked
0x37AF,LCALL,ef7a09,0x097A,0x412C,CODE,cross_checked
0x37BF,LCALL,efb309,0x09B3,0x4175,CODE,cross_checked
0x37D2,LCALL,ef5709,0x0957,0x412C,CODE,cross_checked
0x37E3,LCALL,ef2900,0x0029,0x380F,CODE,cross_checked
0x37FD,LCALL,ef7509,0x0975,0x4175,CODE,cross_checked
0x380C,LJMP,e71a09,0x091A,0x4129,CODE,cross_checked
0x3843,LCALL,efe001,0x01E0,0x3A26,CODE,cross_checked
0x384C,LJMP,e78e01,0x018E,0x39DD,CODE,cross_checked
0x3866,LCALL,efea01,0x01EA,0x3A53,CODE,cross_checked
0x386F,LJMP,e76b01,0x016B,0x39DD,CODE,cross_checked
0x3916,LCALL,ef0d01,0x010D,0x3A26,CODE,cross_checked
0x3935,LCALL,ef1b01,0x011B,0x3A53,CODE,cross_checked
0x39D9,LCALL,ef9607,0x0796,0x4172,CODE,cross_checked
0x3A00,LCALL,ef7207,0x0772,0x4175,CODE,cross_checked
0x3B67,LCALL,ef3e06,0x063E,0x41A8,CODE,cross_checked
0x3B6A,LCALL,eff905,0x05F9,0x4166,CODE,cross_checked
0x3B72,LJMP,e7dc05,0x05DC,0x4151,CODE,cross_checked
0x3BA8,LJMP,e768ff,0xFF68,0x3B13,CODE,cross_checked
0x3BF5,LCALL,ef7d05,0x057D,0x4175,CODE,cross_checked
0x3C0D,LCALL,ef6205,0x0562,0x4172,CODE,cross_checked
0x3C18,LJMP,e73305,0x0533,0x414E,CODE,cross_checked
0x3C2F,LCALL,ef2205,0x0522,0x4154,CODE,cross_checked
0x3C3F,LCALL,ef1205,0x0512,0x4154,CODE,cross_checked
0x3C45,LCALL,ef2105,0x0521,0x4169,CODE,cross_checked
0x3C48,LCALL,ef0c05,0x050C,0x4157,CODE,cross_checked
0x3C4B,LCALL,ef0c05,0x050C,0x415A,CODE,cross_checked
0x3C4E,LCALL,ef0c05,0x050C,0x415D,CODE,cross_checked
0x3C51,LCALL,ef0c05,0x050C,0x4160,CODE,cross_checked
0x3C5F,LCALL,ef0d05,0x050D,0x416F,CODE,cross_checked
0x3C62,LCALL,effe04,0x04FE,0x4163,CODE,cross_checked
0x3D76,LCALL,eff903,0x03F9,0x4172,CODE,cross_checked
0x3DA3,LCALL,efcf03,0x03CF,0x4175,CODE,cross_checked
0x3DBB,LJMP,e78a03,0x038A,0x4148,CODE,cross_checked
0x3E40,LJMP,e70503,0x0305,0x4148,CODE,cross_checked
0x3EA6,LJMP,e74500,0x0045,0x3EEE,CODE,cross_checked
0x3F40,LJMP,e70502,0x0205,0x4148,CODE,cross_checked
0x3F68,LJMP,e7dd01,0x01DD,0x4148,CODE,cross_checked
0x4120,LJMP,e74806,0x0648,0x476B,CODE,cross_checked
0x4126,LJMP,e74305,0x0543,0x466C,CODE,cross_checked
0x4129,LJMP,e7e906,0x06E9,0x4815,CODE,cross_checked
0x412C,LJMP,e786df,0xDF86,0x20B5,CODE,cross_checked
0x412F,LJMP,e75f4e,0x4E5F,0x8F91,DATA,cross_checked
0x413A,LJMP,e76c4e,0x4E6C,0x8FA9,DATA,cross_checked
0x4145,LJMP,e755df,0xDF55,0x209D,CODE,cross_checked
0x4148,LJMP,e70965,0x6509,0xA654,DATA,cross_checked
0x414B,LJMP,e74cdf,0xDF4C,0x209A,CODE,cross_checked
0x414E,LJMP,e70f0c,0x0C0F,0x4D60,CODE,cross_checked
0x4151,LJMP,e72c0d,0x0D2C,0x4E80,CODE,cross_checked
0x4154,LJMP,e770df,0xDF70,0x20C7,CODE,cross_checked
0x4157,LJMP,e74cdf,0xDF4C,0x20A6,CODE,cross_checked
0x415A,LJMP,e743df,0xDF43,0x20A0,CODE,cross_checked
0x415D,LJMP,e749df,0xDF49,0x20A9,CODE,cross_checked
0x4160,LJMP,e70b4e,0x4E0B,0x8F6E,DATA,cross_checked
0x4163,LJMP,e7564e,0x4E56,0x8FBC,DATA,cross_checked
0x4166,LJMP,e79f0d,0x0D9F,0x4F08,CODE,cross_checked
0x4169,LJMP,e71b5a,0x5A1B,0x9B87,DATA,cross_checked
0x416C,LJMP,e73d43,0x433D,0x84AC,DATA,cross_checked
0x416F,LJMP,e7302e,0x2E30,0x6FA2,CODE,cross_checked
0x4172,LJMP,e7f42d,0x2DF4,0x6F69,CODE,cross_checked
0x4175,LJMP,e7852d,0x2D85,0x6EFD,CODE,cross_checked
0x4179,LJMP,e7fd62,0x62FD,0xA479,DATA,cross_checked
0x417D,LJMP,e72963,0x6329,0xA4A9,DATA,cross_checked
0x4181,LJMP,e70a67,0x670A,0xA88E,DATA,cross_checked
0x4185,LJMP,e7b864,0x64B8,0xA640,DATA,cross_checked
0x4189,LJMP,e71d63,0x631D,0xA4A9,DATA,cross_checked
0x418D,LJMP,e71a63,0x631A,0xA4AA,DATA,cross_checked
0x4191,LJMP,e71bdf,0xDF1B,0x20AF,CODE,cross_checked
0x4195,LJMP,e70663,0x6306,0xA49E,DATA,cross_checked
0x41A8,LJMP,e743df,0xDF43,0x20EE,CODE,cross_checked
0x4670,LCALL,efb9fa,0xFAB9,0x412C,CODE,cross_checked
0x46A1,LCALL,ef083e,0x3E08,0x84AC,DATA,cross_checked
0x46A4,LCALL,effb28,0x28FB,0x6FA2,CODE,cross_checked
0x46FA,LCALL,ef3945,0x4539,0x8C36,DATA,cross_checked
0x4768,LJMP,e729d9,0xD929,0x2094,CODE,cross_checked
0x4812,LJMP,e782d8,0xD882,0x2097,CODE,cross_checked
0x4821,LCALL,efa806,0x06A8,0x4ECC,CODE,cross_checked
0x4855,LCALL,efa509,0x09A5,0x51FD,CODE,cross_checked
0x48A3,LCALL,ef21d8,0xD821,0x20C7,CODE,cross_checked
0x4C0F,LCALL,ef5723,0x2357,0x6F69,CODE,cross_checked
0x4C19,LCALL,ef4d23,0x234D,0x6F69,CODE,cross_checked
0x4C23,LCALL,ef4323,0x2343,0x6F69,CODE,cross_checked
0x4C2D,LCALL,ef3923,0x2339,0x6F69,CODE,cross_checked
0x4D2C,LCALL,ef7dd3,0xD37D,0x20AC,CODE,cross_checked
0x4D2F,LCALL,ef71d3,0xD371,0x20A3,CODE,cross_checked
0x4D5D,LJMP,e7ebf3,0xF3EB,0x414B,CODE,cross_checked
0x4E7D,LJMP,e70102,0x0201,0x5081,CODE,cross_checked
0x4E94,LCALL,ef1bd2,0xD21B,0x20B2,CODE,cross_checked
0x4EA7,LCALL,eff6d1,0xD1F6,0x20A0,CODE,cross_checked
0x4EAA,LCALL,effcd1,0xD1FC,0x20A9,CODE,cross_checked
0x4EB8,LCALL,efe720,0x20E7,0x6FA2,CODE,cross_checked
0x4EBB,LCALL,effe40,0x40FE,0x8FBC,DATA,cross_checked
0x4F28,LCALL,ef9cd1,0xD19C,0x20C7,CODE,cross_checked
0x4FB1,LCALL,ef2bd1,0xD12B,0x20DF,CODE,cross_checked
0x4FDD,LCALL,efe7d0,0xD0E7,0x20C7,CODE,cross_checked
0x5072,LCALL,efb7f0,0xF0B7,0x412C,CODE,cross_checked
0x5081,LCALL,efa710,0x10A7,0x612B,CODE,cross_checked
0x5084,LCALL,efe540,0x40E5,0x916C,DATA,cross_checked
0x5087,LCALL,ef0102,0x0201,0x528B,CODE,cross_checked
0x508A,LCALL,efdf40,0x40DF,0x916C,DATA,cross_checked
0x508D,LCALL,ef241b,0x1B24,0x6BB4,CODE,cross_checked
0x5090,LCALL,eff115,0x15F1,0x6684,CODE,cross_checked
0x5093,LCALL,efd640,0x40D6,0x916C,DATA,cross_checked
0x5096,LCALL,efa23e,0x3EA2,0x8F3B,DATA,cross_checked
0x5099,LCALL,eff509,0x09F5,0x5A91,CODE,cross_checked
0x509C,LCALL,efcd40,0x40CD,0x916C,DATA,cross_checked
0x509F,LCALL,efdb0a,0x0ADB,0x5B7D,CODE,cross_checked
0x50A2,LCALL,efc740,0x40C7,0x916C,DATA,cross_checked
0x50A5,LCALL,ef9e0b,0x0B9E,0x5C46,CODE,cross_checked
0x50A8,LCALL,efc140,0x40C1,0x916C,DATA,cross_checked
0x50AB,LCALL,ef3410,0x1034,0x60E2,CODE,cross_checked
0x50AE,LCALL,efbb40,0x40BB,0x916C,DATA,cross_checked
0x50B1,LCALL,efec14,0x14EC,0x65A0,CODE,cross_checked
0x50B4,LCALL,ef1d19,0x191D,0x69D4,CODE,cross_checked
0x50B7,LCALL,efb240,0x40B2,0x916C,DATA,cross_checked
0x50BA,LCALL,eff71a,0x1AF7,0x6BB4,CODE,cross_checked
0x50BD,LCALL,efc415,0x15C4,0x6684,CODE,cross_checked
0x50C0,LCALL,efa940,0x40A9,0x916C,DATA,cross_checked
0x50C3,LCALL,efcf18,0x18CF,0x6995,CODE,cross_checked
0x50C6,LCALL,ef7e1b,0x1B7E,0x6C47,CODE,cross_checked
0x50C9,LCALL,ef291b,0x1B29,0x6BF5,CODE,cross_checked
0x50CC,LCALL,ef9d40,0x409D,0x916C,DATA,cross_checked
0x50CF,LCALL,efb522,0x22B5,0x7387,CODE,cross_checked
0x50D2,LCALL,ef1d2f,0x2F1D,0x7FF2,CODE,cross_checked
0x50D5,LCALL,ef9440,0x4094,0x916C,DATA,cross_checked
0x50D8,LCALL,ef8029,0x2980,0x7A5B,CODE,cross_checked
0x50DB,LCALL,ef8e40,0x408E,0x916C,DATA,cross_checked
0x50DE,LCALL,ef981b,0x1B98,0x6C79,CODE,cross_checked
0x50E1,LCALL,efa22f,0x2FA2,0x8086,DATA,cross_checked
0x50E4,LCALL,ef4f32,0x324F,0x8336,DATA,cross_checked
0x50E7,LCALL,ef8240,0x4082,0x916C,DATA,cross_checked
0x50ED,LCALL,ef1f09,0x091F,0x5A0F,CODE,cross_checked
0x50F6,LJMP,e7f2fe,0xFEF2,0x4FEB,CODE,cross_checked
0x516E,LCALL,ef56cf,0xCF56,0x20C7,CODE,cross_checked
0x51A7,LJMP,e741fe,0xFE41,0x4FEB,CODE,cross_checked
0x51BB,LJMP,e72dfe,0xFE2D,0x4FEB,CODE,cross_checked
0x51DA,LJMP,e70efe,0xFE0E,0x4FEB,CODE,cross_checked
0x51FA,LJMP,e7eefd,0xFDEE,0x4FEB,CODE,cross_checked
0x52F2,LCALL,efd2cd,0xCDD2,0x20C7,CODE,cross_checked
0x530A,LCALL,ef5c1c,0x1C5C,0x6F69,CODE,cross_checked
0x533B,LCALL,efbf1b,0x1BBF,0x6EFD,CODE,cross_checked
0x5355,LCALL,ef6fcd,0xCD6F,0x20C7,CODE,cross_checked
0x536D,LCALL,eff91b,0x1BF9,0x6F69,CODE,cross_checked
0x53A8,LCALL,ef521b,0x1B52,0x6EFD,CODE,cross_checked
0x53CB,LCALL,eff9cc,0xCCF9,0x20C7,CODE,cross_checked
0x548E,LCALL,ef6c1a,0x1A6C,0x6EFD,CODE,cross_checked
0x54A5,LCALL,efc11a,0x1AC1,0x6F69,CODE,cross_checked
0x54BC,LCALL,efaa1a,0x1AAA,0x6F69,CODE,cross_checked
0x550E,LCALL,ef581a,0x1A58,0x6F69,CODE,cross_checked
0x555D,LCALL,ef9d19,0x199D,0x6EFD,CODE,cross_checked
0x5591,LCALL,ef33cb,0xCB33,0x20C7,CODE,cross_checked
0x55AB,LCALL,ef3acb,0xCB3A,0x20E8,CODE,cross_checked
0x55E3,LCALL,ef02cb,0xCB02,0x20E8,CODE,cross_checked
0x5627,LCALL,ef9dca,0xCA9D,0x20C7,CODE,cross_checked
0x5636,LCALL,ef8eca,0xCA8E,0x20C7,CODE,cross_checked
0x5663,LCALL,ef61ca,0xCA61,0x20C7,CODE,cross_checked
0x5861,LCALL,ef63c8,0xC863,0x20C7,CODE,cross_checked
0x5872,LCALL,ef52c8,0xC852,0x20C7,CODE,cross_checked
0x58D6,LCALL,efeec7,0xC7EE,0x20C7,CODE,cross_checked
0x58E2,LCALL,efe2c7,0xC7E2,0x20C7,CODE,cross_checked
0x58F8,LCALL,efccc7,0xC7CC,0x20C7,CODE,cross_checked
0x5906,LCALL,efbec7,0xC7BE,0x20C7,CODE,cross_checked
0x5912,LCALL,efb2c7,0xC7B2,0x20C7,CODE,cross_checked
0x5928,LCALL,ef9cc7,0xC79C,0x20C7,CODE,cross_checked
0x5965,LCALL,ef5fc7,0xC75F,0x20C7,CODE,cross_checked
0x59EC,LCALL,ef0e15,0x150E,0x6EFD,CODE,cross_checked
0x5A03,LCALL,ef6315,0x1563,0x6F69,CODE,cross_checked
0x5A13,LCALL,efb1c6,0xC6B1,0x20C7,CODE,cross_checked
0x5A76,LCALL,ef66c6,0xC666,0x20DF,CODE,cross_checked
0x5AC2,LCALL,eff3c5,0xC5F3,0x20B8,CODE,cross_checked
0x5AD7,LCALL,efedc5,0xC5ED,0x20C7,CODE,cross_checked
0x5B06,LCALL,efbec5,0xC5BE,0x20C7,CODE,cross_checked
0x5B12,LCALL,efb2c5,0xC5B2,0x20C7,CODE,cross_checked
0x5B22,LCALL,efa2c5,0xC5A2,0x20C7,CODE,cross_checked
0x5B31,LCALL,ef99c5,0xC599,0x20CD,CODE,cross_checked
0x5B46,LCALL,ef7ec5,0xC57E,0x20C7,CODE,cross_checked
0x5B4F,LCALL,ef75c5,0xC575,0x20C7,CODE,cross_checked
0x5B5B,LCALL,ef69c5,0xC569,0x20C7,CODE,cross_checked
0x5B81,LCALL,ef49c5,0xC549,0x20CD,CODE,cross_checked
0x5BB3,LCALL,ef2cc5,0xC52C,0x20E2,CODE,cross_checked
0x5BEC,LCALL,efdec4,0xC4DE,0x20CD,CODE,cross_checked
0x5BF6,LCALL,efcec4,0xC4CE,0x20C7,CODE,cross_checked
0x5C0F,LCALL,efbbc4,0xC4BB,0x20CD,CODE,cross_checked
0x5C1B,LCALL,efafc4,0xC4AF,0x20CD,CODE,cross_checked
0x5C31,LCALL,ef93c4,0xC493,0x20C7,CODE,cross_checked
0x5C3D,LCALL,ef8dc4,0xC48D,0x20CD,CODE,cross_checked
0x5C4A,LCALL,ef7ac4,0xC47A,0x20C7,CODE,cross_checked
0x5C8E,LCALL,ef36c4,0xC436,0x20C7,CODE,cross_checked
0x5CE7,LCALL,efddc3,0xC3DD,0x20C7,CODE,cross_checked
0x5D64,LCALL,ef66c3,0xC366,0x20CD,CODE,cross_checked
0x5D73,LJMP,e76700,0x0067,0x5DDD,CODE,cross_checked
0x5D85,LCALL,ef3fc3,0xC33F,0x20C7,CODE,cross_checked
0x5D94,LCALL,ef30c3,0xC330,0x20C7,CODE,cross_checked
0x5D9D,LCALL,ef27c3,0xC327,0x20C7,CODE,cross_checked
0x5DC4,LCALL,ef00c3,0xC300,0x20C7,CODE,cross_checked
0x5DD3,LCALL,eff1c2,0xC2F1,0x20C7,CODE,cross_checked
0x5E1F,LJMP,e7cb00,0x00CB,0x5EED,CODE,cross_checked
0x5E51,LCALL,ef73c2,0xC273,0x20C7,CODE,cross_checked
0x5E5B,LCALL,ef6fc2,0xC26F,0x20CD,CODE,cross_checked
0x5E64,LCALL,ef60c2,0xC260,0x20C7,CODE,cross_checked
0x5E70,LCALL,ef5ac2,0xC25A,0x20CD,CODE,cross_checked
0x5E79,LCALL,ef51c2,0xC251,0x20CD,CODE,cross_checked
0x5E85,LCALL,ef3fc2,0xC23F,0x20C7,CODE,cross_checked
0x5E97,LCALL,ef33c2,0xC233,0x20CD,CODE,cross_checked
0x5EB6,LCALL,ef0ec2,0xC20E,0x20C7,CODE,cross_checked
0x5ECD,LCALL,eff7c1,0xC1F7,0x20C7,CODE,cross_checked
0x5ED6,LCALL,efeec1,0xC1EE,0x20C7,CODE,cross_checked
0x5EFB,LJMP,e74900,0x0049,0x5F47,CODE,cross_checked
0x5F05,LCALL,efbfc1,0xC1BF,0x20C7,CODE,cross_checked
0x5F2B,LCALL,ef99c1,0xC199,0x20C7,CODE,cross_checked
0x5F5F,LCALL,ef65c1,0xC165,0x20C7,CODE,cross_checked
0x5F64,LCALL,ef66c1,0xC166,0x20CD,CODE,cross_checked
0x5F9C,LCALL,ef28c1,0xC128,0x20C7,CODE,cross_checked
0x5FA1,LCALL,ef29c1,0xC129,0x20CD,CODE,cross_checked
0x5FB0,LCALL,ef14c1,0xC114,0x20C7,CODE,cross_checked
0x5FD2,LCALL,eff2c0,0xC0F2,0x20C7,CODE,cross_checked
0x60E6,LCALL,efe4bf,0xBFE4,0x20CD,CODE,cross_checked
0x60F2,LCALL,efd8bf,0xBFD8,0x20CD,CODE,cross_checked
0x60FE,LCALL,efccbf,0xBFCC,0x20CD,CODE,cross_checked
0x610A,LCALL,efbabf,0xBFBA,0x20C7,CODE,cross_checked
0x6116,LCALL,efaebf,0xBFAE,0x20C7,CODE,cross_checked
0x6122,LCALL,efa8bf,0xBFA8,0x20CD,CODE,cross_checked
0x6152,LCALL,ef72bf,0xBF72,0x20C7,CODE,cross_checked
0x615C,LCALL,ef68bf,0xBF68,0x20C7,CODE,cross_checked
0x617D,LCALL,ef4dbf,0xBF4D,0x20CD,CODE,cross_checked
0x6185,LCALL,ef45bf,0xBF45,0x20CD,CODE,cross_checked
0x6192,LCALL,ef32bf,0xBF32,0x20C7,CODE,cross_checked
0x61CE,LCALL,eff6be,0xBEF6,0x20C7,CODE,cross_checked
0x61DB,LCALL,efe9be,0xBEE9,0x20C7,CODE,cross_checked
0x61F6,LCALL,efcebe,0xBECE,0x20C7,CODE,cross_checked
0x6209,LCALL,efd0be,0xBED0,0x20DC,CODE,cross_checked
0x621D,LCALL,efa7be,0xBEA7,0x20C7,CODE,cross_checked
0x6232,LCALL,efa7be,0xBEA7,0x20DC,CODE,cross_checked
0x6260,LCALL,ef64be,0xBE64,0x20C7,CODE,cross_checked
0x62CA,LCALL,effabd,0xBDFA,0x20C7,CODE,cross_checked
0x62FD,LCALL,efdcbd,0xBDDC,0x20DC,CODE,cross_checked
0x6320,LCALL,efa4bd,0xBDA4,0x20C7,CODE,cross_checked
0x6468,LCALL,ef7dbc,0xBC7D,0x20E8,CODE,cross_checked
0x6493,LCALL,ef52bc,0xBC52,0x20E8,CODE,cross_checked
0x65CD,LCALL,eff7ba,0xBAF7,0x20C7,CODE,cross_checked
0x65D7,LCALL,efedba,0xBAED,0x20C7,CODE,cross_checked
0x664A,LCALL,ef7aba,0xBA7A,0x20C7,CODE,cross_checked
0x6663,LCALL,ef61ba,0xBA61,0x20C7,CODE,cross_checked
0x666F,LCALL,ef55ba,0xBA55,0x20C7,CODE,cross_checked
0x667B,LCALL,ef49ba,0xBA49,0x20C7,CODE,cross_checked
0x6691,LCALL,ef33ba,0xBA33,0x20C7,CODE,cross_checked
0x6736,LCALL,ef4002,0x0240,0x6979,CODE,cross_checked
0x6754,LCALL,ef70b9,0xB970,0x20C7,CODE,cross_checked
0x677B,LJMP,e7a300,0x00A3,0x6821,CODE,cross_checked
0x67C9,LJMP,e7a900,0x00A9,0x6875,CODE,cross_checked
0x67D4,LJMP,e79e00,0x009E,0x6875,CODE,cross_checked
0x67DA,LJMP,e79800,0x0098,0x6875,CODE,cross_checked
0x67EA,LCALL,efe0b8,0xB8E0,0x20CD,CODE,cross_checked
0x67F4,LCALL,efd0b8,0xB8D0,0x20C7,CODE,cross_checked
0x6801,LCALL,efc3b8,0xB8C3,0x20C7,CODE,cross_checked
0x6824,LJMP,e74e00,0x004E,0x6875,CODE,cross_checked
0x682F,LJMP,e74300,0x0043,0x6875,CODE,cross_checked
0x6835,LJMP,e73d00,0x003D,0x6875,CODE,cross_checked
0x6853,LCALL,ef71b8,0xB871,0x20C7,CODE,cross_checked
0x685F,LCALL,ef65b8,0xB865,0x20C7,CODE,cross_checked
0x6868,LCALL,ef5cb8,0xB85C,0x20C7,CODE,cross_checked
0x692E,LCALL,ef9cb7,0xB79C,0x20CD,CODE,cross_checked
0x6979,LCALL,ef4bb7,0xB74B,0x20C7,CODE,cross_checked
0x6987,LCALL,ef43b7,0xB743,0x20CD,CODE,cross_checked
0x699E,LCALL,ef2cb7,0xB72C,0x20CD,CODE,cross_checked
0x69BF,LCALL,ef05b7,0xB705,0x20C7,CODE,cross_checked
0x69CB,LCALL,eff9b6,0xB6F9,0x20C7,CODE,cross_checked
0x69EF,LCALL,efdbb6,0xB6DB,0x20CD,CODE,cross_checked
0x69FB,LCALL,efd5b6,0xB6D5,0x20D3,CODE,cross_checked
0x6A0B,LCALL,efbcb6,0xB6BC,0x20CA,CODE,cross_checked
0x6A17,LCALL,efb0b6,0xB6B0,0x20CA,CODE,cross_checked
0x6A5D,LCALL,ef6ab6,0xB66A,0x20CA,CODE,cross_checked
0x6B34,LCALL,efc603,0x03C6,0x6EFD,CODE,cross_checked
0x6B57,LCALL,ef0f04,0x040F,0x6F69,CODE,cross_checked
0x6B84,LCALL,efe203,0x03E2,0x6F69,CODE,cross_checked
0x6B9C,LCALL,ef5e03,0x035E,0x6EFD,CODE,cross_checked
0x6BB8,LCALL,ef18b5,0xB518,0x20D3,CODE,cross_checked
0x6BC8,LCALL,ef08b5,0xB508,0x20D3,CODE,cross_checked
0x6BE1,LCALL,efecb4,0xB4EC,0x20D0,CODE,cross_checked
0x6BFE,LCALL,efccb4,0xB4CC,0x20CD,CODE,cross_checked
0x6C24,LCALL,efa6b4,0xB4A6,0x20CD,CODE,cross_checked
0x6C4B,LCALL,ef7fb4,0xB47F,0x20CD,CODE,cross_checked
0x6C58,LCALL,ef6cb4,0xB46C,0x20C7,CODE,cross_checked
0x6C61,LCALL,ef69b4,0xB469,0x20CD,CODE,cross_checked
0x6C70,LCALL,ef54b4,0xB454,0x20C7,CODE,cross_checked
0x6CAC,LCALL,effd17,0x17FD,0x84AC,DATA,cross_checked
0x6CAF,LCALL,eff002,0x02F0,0x6FA2,CODE,cross_checked
0x6CC4,LCALL,ef8b17,0x178B,0x8452,DATA,cross_checked
0x6D2D,LCALL,ef2217,0x1722,0x8452,DATA,cross_checked
0x6D40,LCALL,efba01,0x01BA,0x6EFD,CODE,cross_checked
0x7119,LJMP,e7df04,0x04DF,0x75FB,CODE,cross_checked
0x7126,LJMP,e7d204,0x04D2,0x75FB,CODE,cross_checked
0x7169,LJMP,e78f04,0x048F,0x75FB,CODE,cross_checked
0x7176,LJMP,e78204,0x0482,0x75FB,CODE,cross_checked
0x718C,LJMP,e78202,0x0282,0x7411,CODE,cross_checked
0x71AC,LJMP,e74304,0x0443,0x75F2,CODE,cross_checked
0x71FF,LJMP,e7f003,0x03F0,0x75F2,CODE,cross_checked
0x7205,LJMP,e7ea03,0x03EA,0x75F2,CODE,cross_checked
0x7224,LCALL,efd6fc,0xFCD6,0x6EFD,CODE,cross_checked
0x7246,LJMP,e7b203,0x03B2,0x75FB,CODE,cross_checked
0x72AC,LJMP,e74303,0x0343,0x75F2,CODE,cross_checked
0x72CB,LCALL,ef2ffc,0xFC2F,0x6EFD,CODE,cross_checked
0x72EA,LJMP,e70e03,0x030E,0x75FB,CODE,cross_checked
0x738F,LCALL,ef66fd,0xFD66,0x70F8,CODE,cross_checked
0x73D0,LCALL,ef25fd,0xFD25,0x70F8,CODE,cross_checked
0x7479,LJMP,e7c300,0x00C3,0x753F,CODE,cross_checked
0x74B6,LCALL,efb0fa,0xFAB0,0x6F69,CODE,cross_checked
0x74D8,LCALL,ef22fa,0xFA22,0x6EFD,CODE,cross_checked
0x7515,LCALL,ef51fa,0xFA51,0x6F69,CODE,cross_checked
0x7537,LCALL,efc3f9,0xF9C3,0x6EFD,CODE,cross_checked
0x7546,LCALL,ef20fa,0xFA20,0x6F69,CODE,cross_checked
0x7561,LCALL,ef05fa,0xFA05,0x6F69,CODE,cross_checked
0x75AA,LCALL,efbcf9,0xF9BC,0x6F69,CODE,cross_checked
0x7682,LCALL,ef78f8,0xF878,0x6EFD,CODE,cross_checked
0x76DE,LCALL,ef1cf8,0xF81C,0x6EFD,CODE,cross_checked
0x7705,LCALL,ef61f8,0xF861,0x6F69,CODE,cross_checked
0x79AD,LCALL,efb9f5,0xF5B9,0x6F69,CODE,cross_checked
0x79E4,LCALL,ef16f5,0xF516,0x6EFD,CODE,cross_checked
0x7A7E,LCALL,efe8f4,0xF4E8,0x6F69,CODE,cross_checked
0x7AAA,LCALL,ef50f4,0xF450,0x6EFD,CODE,cross_checked
0x7ACE,LCALL,ef98f4,0xF498,0x6F69,CODE,cross_checked
0x7AFA,LCALL,ef00f4,0xF400,0x6EFD,CODE,cross_checked
0x7E80,LCALL,efe6f0,0xF0E6,0x6F69,CODE,cross_checked
0x7ED8,LCALL,ef22f0,0xF022,0x6EFD,CODE,cross_checked
0x7F09,LCALL,eff1ef,0xEFF1,0x6EFD,CODE,cross_checked
0x7F21,LCALL,ef45f0,0xF045,0x6F69,CODE,cross_checked
0x7F3A,LCALL,ef2cf0,0xF02C,0x6F69,CODE,cross_checked
0x7FE6,LCALL,ef14ef,0xEF14,0x6EFD,CODE,cross_checked
