at_hex,op,abs_target_hex,ghidra_pc_rel_display_hex,abs_in_code
0x2091,LJMP,0x208C,0x4120,true
0x2094,LJMP,0x167B,0x3712,false
0x2097,LJMP,0x15DF,0x3679,false
0x209A,LJMP,0x1A70,0x3B0D,false
0x209D,LJMP,0x1DB0,0x3E50,false
0x20A0,LJMP,0x0EBF,0x2F62,false
0x20A3,LJMP,0x0F8A,0x3030,false
0x20A6,LJMP,0x0F9D,0x3046,false
0x20A9,LJMP,0x01C7,0x2273,false
0x20AC,LJMP,0x02D3,0x2382,false
0x20AF,LJMP,0x0DF8,0x2EAA,false
0x20B2,LJMP,0x01B4,0x2269,false
0x20B5,LJMP,0x0E23,0x2EDB,false
0x20B8,LJMP,0x0E7D,0x2F38,false
0x20BB,LJMP,0x14EA,0x35A8,false
0x20BE,LJMP,0x19ED,0x3AAE,false
0x20C1,LJMP,0x176E,0x3832,false
0x20C4,LJMP,0x1B9F,0x3C66,false
0x20C7,LJMP,0x12F8,0x33C2,false
0x20CA,LJMP,0x12E1,0x33AE,false
0x20CD,LJMP,0x136C,0x343C,false
0x20D0,LJMP,0x135E,0x3431,false
0x20D3,LJMP,0x148D,0x3563,false
0x20D6,LJMP,0x1535,0x360E,false
0x20D9,LJMP,0x152A,0x3606,false
0x20DC,LJMP,0x152C,0x360B,false
0x20DF,LJMP,0x1521,0x3603,false
0x20E2,LJMP,0x1563,0x3648,false
0x20E5,LJMP,0x1558,0x3640,false
0x20E8,LJMP,0x155A,0x3645,false
0x20EB,LJMP,0x154F,0x363D,false
0x20EE,LJMP,0x1B2A,0x3C1B,false
0x22B0,LCALL,0x71C9,0x947C,true
0x2377,LCALL,0xB1C9,0xD543,false
0x25EC,LJMP,0x0415,0x2A04,false
0x25EF,LCALL,0x1B31,0x4123,false
0x2779,LJMP,0x0705,0x2E81,false
0x2784,LCALL,0x19A5,0x412C,false
0x2879,LJMP,0x0605,0x2E81,false
0x2906,LJMP,0x0578,0x2E81,false
0x2914,LCALL,0x1855,0x416C,false
0x2917,LCALL,0x1855,0x416F,false
0x29D4,LJMP,0x04AA,0x2E81,false
0x2A01,LJMP,0x047D,0x2E81,false
0x2A24,LJMP,0x045A,0x2E81,false
0x2B50,LJMP,0xF915,0x2468,false
0x2BAC,LJMP,0x02D2,0x2E81,false
0x2C8D,LCALL,0xF461,0x20F1,false
0x2DB9,LJMP,0xFC48,0x2A04,false
0x2DC3,LJMP,0xFC3E,0x2A04,false
0x2E16,LCALL,0xF2D8,0x20F1,false
0x2E4D,LJMP,0xFBB4,0x2A04,false
0x2E52,LCALL,0xF26F,0x20C4,false
0x2E7E,LJMP,0x0000,0x2E81,false
0x2EA7,LJMP,0xF5BE,0x2468,false
0x2FFA,LCALL,0xF0AF,0x20AC,false
0x3015,LCALL,0xF397,0x23AF,false
0x3019,LCALL,0xB3CA,0xE3E6,false
0x318C,LCALL,0x0FDD,0x416C,false
0x318F,LCALL,0x0FDD,0x416F,false
0x31CF,LCALL,0x0F5D,0x412F,false
0x320B,LCALL,0x0F21,0x412F,false
0x3214,LCALL,0x0F23,0x413A,false
0x3231,LCALL,0x0EFB,0x412F,false
0x324E,LCALL,0x0EE9,0x413A,false
0x3332,LCALL,0x0DFA,0x412F,false
0x334F,LCALL,0x0DE8,0x413A,false
0x367D,LCALL,0x018F,0x380F,false
0x368D,LJMP,0x0A96,0x4126,false
0x3697,LJMP,0x0A8C,0x4126,false
0x36A1,LJMP,0x0A82,0x4126,false
0x36AB,LJMP,0x0A78,0x4126,false
0x377D,LCALL,0x01B3,0x3933,false
0x378A,LCALL,0x099F,0x412C,false
0x3791,LCALL,0x09DE,0x4172,false
0x37AF,LCALL,0x097A,0x412C,false
0x37BF,LCALL,0x09B3,0x4175,false
0x37D2,LCALL,0x0957,0x412C,false
0x37E3,LCALL,0x0029,0x380F,false
0x37FD,LCALL,0x0975,0x4175,false
0x380C,LJMP,0x091A,0x4129,false
0x3843,LCALL,0x01E0,0x3A26,false
0x384C,LJMP,0x018E,0x39DD,false
0x3866,LCALL,0x01EA,0x3A53,false
0x386F,LJMP,0x016B,0x39DD,false
0x3916,LCALL,0x010D,0x3A26,false
0x3935,LCALL,0x011B,0x3A53,false
0x39D9,LCALL,0x0796,0x4172,false
0x3A00,LCALL,0x0772,0x4175,false
0x3B67,LCALL,0x063E,0x41A8,false
0x3B6A,LCALL,0x05F9,0x4166,false
0x3B72,LJMP,0x05DC,0x4151,false
0x3BA8,LJMP,0xFF68,0x3B13,false
0x3BF5,LCALL,0x057D,0x4175,false
0x3C0D,LCALL,0x0562,0x4172,false
0x3C11,LCALL,0xC727,0x033B,false
0x3C18,LJMP,0x0533,0x414E,false
0x3C2F,LCALL,0x0522,0x4154,false
0x3C3F,LCALL,0x0512,0x4154,false
0x3C45,LCALL,0x0521,0x4169,false
0x3C48,LCALL,0x050C,0x4157,false
0x3C4B,LCALL,0x050C,0x415A,false
0x3C4E,LCALL,0x050C,0x415D,false
0x3C51,LCALL,0x050C,0x4160,false
0x3C5F,LCALL,0x050D,0x416F,false
0x3C62,LCALL,0x04FE,0x4163,false
0x3D76,LCALL,0x03F9,0x4172,false
0x3DA3,LCALL,0x03CF,0x4175,false
0x3DBB,LJMP,0x038A,0x4148,false
0x3E40,LJMP,0x0305,0x4148,false
0x3EA6,LJMP,0x0045,0x3EEE,false
0x3F10,LJMP,0xA640,0xE553,false
0x3F40,LJMP,0x0205,0x4148,false
0x3F68,LJMP,0x01DD,0x4148,false
0x40F3,LCALL,0xBFDF,0x00D5,false
0x410B,LCALL,0xFFDF,0x40ED,false
0x4120,LJMP,0x0648,0x476B,false
0x4126,LJMP,0x0543,0x466C,false
0x4129,LJMP,0x06E9,0x4815,false
0x412C,LJMP,0xDF86,0x20B5,false
0x412F,LJMP,0x4E5F,0x8F91,true
0x413A,LJMP,0x4E6C,0x8FA9,true
0x4145,LJMP,0xDF55,0x209D,false
0x4148,LJMP,0x6509,0xA654,true
0x414B,LJMP,0xDF4C,0x209A,false
0x414E,LJMP,0x0C0F,0x4D60,false
0x4151,LJMP,0x0D2C,0x4E80,false
0x4154,LJMP,0xDF70,0x20C7,false
0x4157,LJMP,0xDF4C,0x20A6,false
0x415A,LJMP,0xDF43,0x20A0,false
0x415D,LJMP,0xDF49,0x20A9,false
0x4160,LJMP,0x4E0B,0x8F6E,true
0x4163,LJMP,0x4E56,0x8FBC,true
0x4166,LJMP,0x0D9F,0x4F08,false
0x4169,LJMP,0x5A1B,0x9B87,true
0x416C,LJMP,0x433D,0x84AC,true
0x416F,LJMP,0x2E30,0x6FA2,true
0x4172,LJMP,0x2DF4,0x6F69,true
0x4175,LJMP,0x2D85,0x6EFD,true
0x4179,LJMP,0x62FD,0xA479,true
0x417D,LJMP,0x6329,0xA4A9,true
0x4181,LJMP,0x670A,0xA88E,true
0x4185,LJMP,0x64B8,0xA640,true
0x4189,LJMP,0x631D,0xA4A9,true
0x418D,LJMP,0x631A,0xA4AA,true
0x4191,LJMP,0xDF1B,0x20AF,false
0x4195,LJMP,0x6306,0xA49E,true
0x41A8,LJMP,0xDF43,0x20EE,false
0x4345,LJMP,0x0690,0x49D8,false
0x43BD,LJMP,0x6401,0xA7C1,true
0x45D1,LCALL,0x0044,0x4618,false
0x4670,LCALL,0xFAB9,0x412C,false
0x46A1,LCALL,0x3E08,0x84AC,true
0x46A4,LCALL,0x28FB,0x6FA2,true
0x46FA,LCALL,0x4539,0x8C36,true
0x4768,LJMP,0xD929,0x2094,false
0x4812,LJMP,0xD882,0x2097,false
0x4821,LCALL,0x06A8,0x4ECC,false
0x4855,LCALL,0x09A5,0x51FD,false
0x4898,LCALL,0x20B9,0x6954,true
0x48A3,LCALL,0xD821,0x20C7,false
0x49DF,LCALL,0x711D,0xBAFF,true
0x4A1F,LCALL,0x7126,0xBB48,true
0x4B32,LJMP,0x01B1,0x4CE6,false
0x4C0F,LCALL,0x2357,0x6F69,true
0x4C19,LCALL,0x234D,0x6F69,true
0x4C23,LCALL,0x2343,0x6F69,true
0x4C2D,LCALL,0x2339,0x6F69,true
0x4D2C,LCALL,0xD37D,0x20AC,false
0x4D2F,LCALL,0xD371,0x20A3,false
0x4D42,LCALL,0x71CA,0xBF0F,true
0x4D5D,LJMP,0xF3EB,0x414B,false
0x4E7D,LJMP,0x0201,0x5081,false
0x4E94,LCALL,0xD21B,0x20B2,false
0x4EA7,LCALL,0xD1F6,0x20A0,false
0x4EAA,LCALL,0xD1FC,0x20A9,false
0x4EB8,LCALL,0x20E7,0x6FA2,true
0x4EB9,LJMP,0xEF20,0x3DDC,false
0x4EBB,LCALL,0x40FE,0x8FBC,true
0x4F28,LCALL,0xD19C,0x20C7,false
0x4FB1,LCALL,0xD12B,0x20DF,false
0x4FDD,LCALL,0xD0E7,0x20C7,false
0x4FDE,LJMP,0xC7D0,0x17B1,false
0x5072,LCALL,0xF0B7,0x412C,false
0x5081,LCALL,0x10A7,0x612B,false
0x5084,LCALL,0x40E5,0x916C,true
0x5087,LCALL,0x0201,0x528B,false
0x508A,LCALL,0x40DF,0x916C,true
0x508D,LCALL,0x1B24,0x6BB4,false
0x5090,LCALL,0x15F1,0x6684,false
0x5093,LCALL,0x40D6,0x916C,true
0x5096,LCALL,0x3EA2,0x8F3B,true
0x5099,LCALL,0x09F5,0x5A91,false
0x509C,LCALL,0x40CD,0x916C,true
0x509F,LCALL,0x0ADB,0x5B7D,false
0x50A2,LCALL,0x40C7,0x916C,true
0x50A5,LCALL,0x0B9E,0x5C46,false
0x50A8,LCALL,0x40C1,0x916C,true
0x50AB,LCALL,0x1034,0x60E2,false
0x50AE,LCALL,0x40BB,0x916C,true
0x50B1,LCALL,0x14EC,0x65A0,false
0x50B4,LCALL,0x191D,0x69D4,false
0x50B7,LCALL,0x40B2,0x916C,true
0x50BA,LCALL,0x1AF7,0x6BB4,false
0x50BD,LCALL,0x15C4,0x6684,false
0x50C0,LCALL,0x40A9,0x916C,true
0x50C3,LCALL,0x18CF,0x6995,false
0x50C6,LCALL,0x1B7E,0x6C47,false
0x50C9,LCALL,0x1B29,0x6BF5,false
0x50CC,LCALL,0x409D,0x916C,true
0x50CF,LCALL,0x22B5,0x7387,true
0x50D2,LCALL,0x2F1D,0x7FF2,true
0x50D5,LCALL,0x4094,0x916C,true
0x50D8,LCALL,0x2980,0x7A5B,true
0x50DB,LCALL,0x408E,0x916C,true
0x50DE,LCALL,0x1B98,0x6C79,false
0x50E1,LCALL,0x2FA2,0x8086,true
0x50E4,LCALL,0x324F,0x8336,true
0x50E7,LCALL,0x4082,0x916C,true
0x50ED,LCALL,0x091F,0x5A0F,false
0x50F6,LJMP,0xFEF2,0x4FEB,false
0x516E,LCALL,0xCF56,0x20C7,false
0x51A7,LJMP,0xFE41,0x4FEB,false
0x51BB,LJMP,0xFE2D,0x4FEB,false
0x51DA,LJMP,0xFE0E,0x4FEB,false
0x51FA,LJMP,0xFDEE,0x4FEB,false
0x52F2,LCALL,0xCDD2,0x20C7,false
0x530A,LCALL,0x1C5C,0x6F69,false
0x533B,LCALL,0x1BBF,0x6EFD,false
0x5355,LCALL,0xCD6F,0x20C7,false
0x536D,LCALL,0x1BF9,0x6F69,false
0x53A8,LCALL,0x1B52,0x6EFD,false
0x53CB,LCALL,0xCCF9,0x20C7,false
0x543F,LCALL,0x8BA8,0xDFEA,false
0x544E,LCALL,0xB3C0,0x0811,false
0x548E,LCALL,0x1A6C,0x6EFD,false
0x54A5,LCALL,0x1AC1,0x6F69,false
0x54BC,LCALL,0x1AAA,0x6F69,false
0x550E,LCALL,0x1A58,0x6F69,false
0x555D,LCALL,0x199D,0x6EFD,false
0x5591,LCALL,0xCB33,0x20C7,false
0x55AB,LCALL,0xCB3A,0x20E8,false
0x55E3,LCALL,0xCB02,0x20E8,false
0x5627,LCALL,0xCA9D,0x20C7,false
0x5636,LCALL,0xCA8E,0x20C7,false
0x5663,LCALL,0xCA61,0x20C7,false
0x5788,LCALL,0x2400,0x7B8B,true
0x5848,LCALL,0x20BC,0x7907,true
0x584D,LCALL,0x71BC,0xCA0C,true
0x5861,LCALL,0xC863,0x20C7,false
0x5872,LCALL,0xC852,0x20C7,false
0x5899,LCALL,0xC7E2,0x207E,false
0x58B4,LJMP,0xD300,0x2BB7,false
0x58D6,LCALL,0xC7EE,0x20C7,false
0x58E2,LCALL,0xC7E2,0x20C7,false
0x58F8,LCALL,0xC7CC,0x20C7,false
0x5906,LCALL,0xC7BE,0x20C7,false
0x5912,LCALL,0xC7B2,0x20C7,false
0x5928,LCALL,0xC79C,0x20C7,false
0x5934,LCALL,0x3CE2,0x9619,true
0x5965,LCALL,0xC75F,0x20C7,false
0x59EC,LCALL,0x150E,0x6EFD,false
0x5A03,LCALL,0x1563,0x6F69,false
0x5A07,LCALL,0xC727,0x2131,false
0x5A13,LCALL,0xC6B1,0x20C7,false
0x5A59,LCALL,0xB1B9,0x0C15,false
0x5A76,LCALL,0xC666,0x20DF,false
0x5AC2,LCALL,0xC5F3,0x20B8,false
0x5AD7,LCALL,0xC5ED,0x20C7,false
0x5B06,LCALL,0xC5BE,0x20C7,false
0x5B12,LCALL,0xC5B2,0x20C7,false
0x5B22,LCALL,0xC5A2,0x20C7,false
0x5B31,LCALL,0xC599,0x20CD,false
0x5B46,LCALL,0xC57E,0x20C7,false
0x5B4F,LCALL,0xC575,0x20C7,false
0x5B5B,LCALL,0xC569,0x20C7,false
0x5B7B,LCALL,0xA1F0,0xFD6E,false
0x5B81,LCALL,0xC549,0x20CD,false
0x5BB3,LCALL,0xC52C,0x20E2,false
0x5BEC,LCALL,0xC4DE,0x20CD,false
0x5BF6,LCALL,0xC4CE,0x20C7,false
0x5C0F,LCALL,0xC4BB,0x20CD,false
0x5C1B,LCALL,0xC4AF,0x20CD,false
0x5C31,LCALL,0xC493,0x20C7,false
0x5C3D,LCALL,0xC48D,0x20CD,false
0x5C4A,LCALL,0xC47A,0x20C7,false
0x5C8E,LCALL,0xC436,0x20C7,false
0x5CE7,LCALL,0xC3DD,0x20C7,false
0x5D64,LCALL,0xC366,0x20CD,false
0x5D73,LJMP,0x0067,0x5DDD,false
0x5D85,LCALL,0xC33F,0x20C7,false
0x5D94,LCALL,0xC330,0x20C7,false
0x5D9D,LCALL,0xC327,0x20C7,false
0x5DC4,LCALL,0xC300,0x20C7,false
0x5DD3,LCALL,0xC2F1,0x20C7,false
0x5E1F,LJMP,0x00CB,0x5EED,false
0x5E51,LCALL,0xC273,0x20C7,false
0x5E5B,LCALL,0xC26F,0x20CD,false
0x5E64,LCALL,0xC260,0x20C7,false
0x5E70,LCALL,0xC25A,0x20CD,false
0x5E79,LCALL,0xC251,0x20CD,false
0x5E85,LCALL,0xC23F,0x20C7,false
0x5E97,LCALL,0xC233,0x20CD,false
0x5EB6,LCALL,0xC20E,0x20C7,false
0x5ECD,LCALL,0xC1F7,0x20C7,false
0x5ED6,LCALL,0xC1EE,0x20C7,false
0x5EFB,LJMP,0x0049,0x5F47,false
0x5F05,LCALL,0xC1BF,0x20C7,false
0x5F2B,LCALL,0xC199,0x20C7,false
0x5F5F,LCALL,0xC165,0x20C7,false
0x5F64,LCALL,0xC166,0x20CD,false
0x5F9C,LCALL,0xC128,0x20C7,false
0x5FA1,LCALL,0xC129,0x20CD,false
0x5FB0,LCALL,0xC114,0x20C7,false
0x5FD2,LCALL,0xC0F2,0x20C7,false
0x60E6,LCALL,0xBFE4,0x20CD,false
0x60F2,LCALL,0xBFD8,0x20CD,false
0x60FE,LCALL,0xBFCC,0x20CD,false
0x610A,LCALL,0xBFBA,0x20C7,false
0x6116,LCALL,0xBFAE,0x20C7,false
0x6122,LCALL,0xBFA8,0x20CD,false
0x6152,LCALL,0xBF72,0x20C7,false
0x615C,LCALL,0xBF68,0x20C7,false
0x617D,LCALL,0xBF4D,0x20CD,false
0x6185,LCALL,0xBF45,0x20CD,false
0x6192,LCALL,0xBF32,0x20C7,false
0x61CE,LCALL,0xBEF6,0x20C7,false
0x61DB,LCALL,0xBEE9,0x20C7,false
0x61F6,LCALL,0xBECE,0x20C7,false
0x6209,LCALL,0xBED0,0x20DC,false
0x621D,LCALL,0xBEA7,0x20C7,false
0x6232,LCALL,0xBEA7,0x20DC,false
0x6260,LCALL,0xBE64,0x20C7,false
0x62CA,LCALL,0xBDFA,0x20C7,false
0x62FD,LCALL,0xBDDC,0x20DC,false
0x6320,LCALL,0xBDA4,0x20C7,false
0x6468,LCALL,0xBC7D,0x20E8,false
0x6493,LCALL,0xBC52,0x20E8,false
0x65CD,LCALL,0xBAF7,0x20C7,false
0x65D7,LCALL,0xBAED,0x20C7,false
0x664A,LCALL,0xBA7A,0x20C7,false
0x6663,LCALL,0xBA61,0x20C7,false
0x666F,LCALL,0xBA55,0x20C7,false
0x667B,LCALL,0xBA49,0x20C7,false
0x6691,LCALL,0xBA33,0x20C7,false
0x6736,LCALL,0x0240,0x6979,false
0x6754,LCALL,0xB970,0x20C7,false
0x677B,LJMP,0x00A3,0x6821,false
0x67C9,LJMP,0x00A9,0x6875,false
0x67D4,LJMP,0x009E,0x6875,false
0x67DA,LJMP,0x0098,0x6875,false
0x67EA,LCALL,0xB8E0,0x20CD,false
0x67F4,LCALL,0xB8D0,0x20C7,false
0x6801,LCALL,0xB8C3,0x20C7,false
0x6824,LJMP,0x004E,0x6875,false
0x682F,LJMP,0x0043,0x6875,false
0x6835,LJMP,0x003D,0x6875,false
0x6853,LCALL,0xB871,0x20C7,false
0x685F,LCALL,0xB865,0x20C7,false
0x6868,LCALL,0xB85C,0x20C7,false
0x6928,LCALL,0xA1B8,0x0AE3,false
0x692E,LCALL,0xB79C,0x20CD,false
0x6979,LCALL,0xB74B,0x20C7,false
0x6987,LCALL,0xB743,0x20CD,false
0x699E,LCALL,0xB72C,0x20CD,false
0x69BF,LCALL,0xB705,0x20C7,false
0x69CB,LCALL,0xB6F9,0x20C7,false
0x69EF,LCALL,0xB6DB,0x20CD,false
0x69FB,LCALL,0xB6D5,0x20D3,false
0x6A0B,LCALL,0xB6BC,0x20CA,false
0x6A17,LCALL,0xB6B0,0x20CA,false
0x6A5D,LCALL,0xB66A,0x20CA,false
0x6AF8,LJMP,0x2140,0x8C3B,true
0x6B34,LCALL,0x03C6,0x6EFD,false
0x6B46,LJMP,0x2640,0x9189,true
0x6B57,LCALL,0x040F,0x6F69,false
0x6B5C,LCALL,0x2640,0x919F,true
0x6B84,LCALL,0x03E2,0x6F69,false
0x6B9C,LCALL,0x035E,0x6EFD,false
0x6BB1,LCALL,0xF0C5,0x5C79,false
0x6BB8,LCALL,0xB518,0x20D3,false
0x6BC8,LCALL,0xB508,0x20D3,false
0x6BE1,LCALL,0xB4EC,0x20D0,false
0x6BFE,LCALL,0xB4CC,0x20CD,false
0x6C16,LJMP,0x0015,0x6C2E,false
0x6C1D,LJMP,0x2015,0x8C35,true
0x6C24,LCALL,0xB4A6,0x20CD,false
0x6C4B,LCALL,0xB47F,0x20CD,false
0x6C58,LCALL,0xB46C,0x20C7,false
0x6C61,LCALL,0xB469,0x20CD,false
0x6C70,LCALL,0xB454,0x20C7,false
0x6CAC,LCALL,0x17FD,0x84AC,false
0x6CAF,LCALL,0x02F0,0x6FA2,false
0x6CC4,LCALL,0x178B,0x8452,false
0x6D2D,LCALL,0x1722,0x8452,false
0x6D40,LCALL,0x01BA,0x6EFD,false
0x7119,LJMP,0x04DF,0x75FB,false
0x7126,LJMP,0x04D2,0x75FB,false
0x715E,LCALL,0xA11E,0x127F,false
0x7169,LJMP,0x048F,0x75FB,false
0x7176,LJMP,0x0482,0x75FB,false
0x718C,LJMP,0x0282,0x7411,false
0x7195,LCALL,0x71BD,0xE355,true
0x71AC,LJMP,0x0443,0x75F2,false
0x71FF,LJMP,0x03F0,0x75F2,false
0x7205,LJMP,0x03EA,0x75F2,false
0x7224,LCALL,0xFCD6,0x6EFD,false
0x723B,LCALL,0xC71C,0x395A,false
0x7246,LJMP,0x03B2,0x75FB,false
0x72AC,LJMP,0x0343,0x75F2,false
0x72CB,LCALL,0xFC2F,0x6EFD,false
0x72EA,LJMP,0x030E,0x75FB,false
0x7304,LJMP,0x02EB,0x75F2,false
0x734F,LJMP,0x02A0,0x75F2,false
0x7364,LJMP,0x028B,0x75F2,false
0x7384,LJMP,0x026B,0x75F2,false
0x738F,LCALL,0xFD66,0x70F8,false
0x73A6,LCALL,0x71BD,0xE566,true
0x73D0,LCALL,0xFD25,0x70F8,false
0x7406,LCALL,0x71BD,0xE5C6,true
0x7479,LJMP,0x00C3,0x753F,false
0x74B6,LCALL,0xFAB0,0x6F69,false
0x74D8,LCALL,0xFA22,0x6EFD,false
0x7515,LCALL,0xFA51,0x6F69,false
0x7537,LCALL,0xF9C3,0x6EFD,false
0x7546,LCALL,0xFA20,0x6F69,false
0x7561,LCALL,0xFA05,0x6F69,false
0x75AA,LCALL,0xF9BC,0x6F69,false
0x7682,LCALL,0xF878,0x6EFD,false
0x76DE,LCALL,0xF81C,0x6EFD,false
0x7705,LCALL,0xF861,0x6F69,false
0x778F,LCALL,0x71BD,0xE94F,true
0x780A,LJMP,0xFBB1,0x73BE,false
0x79AD,LCALL,0xF5B9,0x6F69,false
0x79E4,LCALL,0xF516,0x6EFD,false
0x7A7E,LCALL,0xF4E8,0x6F69,false
0x7AAA,LCALL,0xF450,0x6EFD,false
0x7ACE,LCALL,0xF498,0x6F69,false
0x7AFA,LCALL,0xF400,0x6EFD,false
0x7E80,LCALL,0xF0E6,0x6F69,false
0x7EC8,LJMP,0x1E40,0x9D0B,false
0x7ED8,LCALL,0xF022,0x6EFD,false
0x7EF9,LJMP,0x1E40,0x9D3C,false
0x7F09,LCALL,0xEFF1,0x6EFD,false
0x7F0B,LCALL,0x0291,0x819F,false
0x7F21,LCALL,0xF045,0x6F69,false
0x7F3A,LCALL,0xF02C,0x6F69,false
0x7FE6,LCALL,0xEF14,0x6EFD,false
0x7FE8,LCALL,0x8091,0x007C,false
