address,address_hex,name,type,primary
2302,0000:08fe,DAT_0000_08fe,Label,true
2303,0000:08ff,DAT_0000_08ff,Label,true
4741,0000:1285,DAT_0000_1285,Label,true
6327,0000:18b7,DAT_0000_18b7,Label,true
8192,0000:2000,vec_0,Label,true
8194,0000:2002,vec_1,Label,true
8196,0000:2004,vec_2,Label,true
8198,0000:2006,vec_3,Label,true
8200,0000:2008,vec_4,Label,true
8202,0000:200a,vec_5,Label,true
8204,0000:200c,vec_6,Label,true
8206,0000:200e,vec_7,Label,true
12297,0000:3009,LAB_0000_3009,Label,true
16760,0000:4178,vec_0_tgt,Label,true
16764,0000:417c,vec_1_tgt,Label,true
16768,0000:4180,vec_2_tgt,Label,true
16772,0000:4184,vec_3_tgt,Label,true
16776,0000:4188,vec_4_tgt,Label,true
16780,0000:418c,vec_5_tgt,Label,true
16784,0000:4190,vec_6_tgt,Label,true
16788,0000:4194,vec_7_tgt,Label,true
18470,0000:4826,LAB_0000_4826,Label,true
20530,0000:5032,LAB_0000_5032,Label,true
24630,0000:6036,LAB_0000_6036,Label,true
24643,0000:6043,LAB_0000_6041+2,Label,true
24646,0000:6046,LAB_0000_6045+1,Label,true
24741,0000:60a5,LAB_0000_60a5,Label,true
24770,0000:60c2,LAB_0000_60c2,Label,true
24794,0000:60da,LAB_0000_60da,Label,true
24825,0000:60f9,LAB_0000_60f9,Label,true
24870,0000:6126,LAB_0000_6126,Label,true
