entry,entry_hex,name,body_size,is_thunk
196,00c4,RLC4,1,true
8320,2080,VECTOR_Reset,20,false
8340,2094,FUN_2094,3,false
8343,2097,thunk_FUN_3679,3,true
8346,209a,thunk_FUN_3b0d,3,true
8349,209d,thunk_FUN_3e50,3,true
8352,20a0,thunk_FUN_2f62,3,true
8355,20a3,thunk_FUN_3030,3,true
8358,20a6,thunk_FUN_3046,3,true
8361,20a9,thunk_FUN_2273,3,true
8364,20ac,FUN_20ac,3,false
8367,20af,thunk_FUN_2eaa,3,true
8370,20b2,thunk_FUN_2269,3,true
8373,20b5,thunk_FUN_2edb,3,true
8376,20b8,thunk_FUN_2f38,3,true
8379,20bb,thunk_FUN_35a8,3,true
8382,20be,thunk_FUN_3aae,3,true
8385,20c1,thunk_FUN_3832,3,true
8388,20c4,thunk_FUN_3c66,3,true
8391,20c7,thunk_FUN_33c2,3,true
8394,20ca,thunk_FUN_33ae,3,true
8397,20cd,thunk_FUN_343c,3,true
8400,20d0,thunk_FUN_3431,3,true
8403,20d3,thunk_FUN_3563,3,true
8409,20d9,thunk_FUN_3606,3,true
8412,20dc,thunk_FUN_360b,3,true
8415,20df,thunk_FUN_3603,3,true
8418,20e2,thunk_FUN_3648,3,true
8424,20e8,thunk_FUN_3645,3,true
8427,20eb,thunk_FUN_363d,3,true
8430,20ee,thunk_FUN_3c1b,3,true
8809,2269,FUN_2269,10,false
8819,2273,FUN_2273,271,false
9090,2382,FUN_2382,45,false
9135,23af,FUN_23af,76,false
9211,23fb,FUN_23fb,47,false
9258,242a,FUN_242a,62,false
9320,2468,FUN_2468,34,false
9354,248a,FUN_248a,63,false
9417,24c9,FUN_24c9,71,false
9488,2510,FUN_2510,27,false
9515,252b,FUN_252b,45,false
9560,2558,FUN_2558,63,false
9623,2597,FUN_2597,88,false
9711,25ef,FUN_25ef,637,false
10756,2a04,FUN_2a04,35,false
11905,2e81,FUN_2e81,41,false
11946,2eaa,FUN_2eaa,49,false
11995,2edb,FUN_2edb,93,false
12088,2f38,FUN_2f38,42,false
12130,2f62,FUN_2f62,157,false
12336,3030,FUN_3030,22,false
12358,3046,FUN_3046,32,false
12390,3066,FUN_3066,311,false
12701,319d,FUN_319d,529,false
13230,33ae,FUN_33ae,20,false
13250,33c2,FUN_33c2,111,false
13361,3431,FUN_3431,11,false
13372,343c,FUN_343c,295,false
13667,3563,FUN_3563,69,false
13736,35a8,FUN_35a8,91,false
13827,3603,FUN_3603,3,false
13830,3606,FUN_3606,5,false
13835,360b,FUN_360b,50,false
13885,363d,FUN_363d,8,false
13893,3645,FUN_3645,3,false
13896,3648,FUN_3648,49,false
13945,3679,FUN_3679,406,false
14351,380f,FUN_380f,35,false
14386,3832,FUN_3832,500,false
14886,3a26,FUN_3a26,45,false
14931,3a53,FUN_3a53,91,false
15022,3aae,FUN_3aae,95,false
15117,3b0d,FUN_3b0d,270,false
15387,3c1b,FUN_3c1b,75,false
15462,3c66,FUN_3c66,338,false
15952,3e50,FUN_3e50,435,false
16672,4120,thunk_FUN_476b,3,true
16675,4123,FUN_4123,1,false
16678,4126,thunk_FUN_466c,3,true
16681,4129,FUN_4129,3,false
16684,412c,thunk_FUN_2edb,3,true
16687,412f,thunk_FUN_8f91,3,true
16698,413a,thunk_FUN_8fa9,3,true
16709,4145,thunk_FUN_3e50,3,true
16712,4148,thunk_FUN_a654,3,true
16715,414b,thunk_FUN_3b0d,3,true
16718,414e,FUN_414e,3,false
16721,4151,FUN_4151,3,false
16724,4154,thunk_FUN_33c2,3,true
16727,4157,thunk_FUN_3046,3,true
16730,415a,thunk_FUN_2f62,3,true
16733,415d,thunk_FUN_2273,3,true
16736,4160,thunk_FUN_8f6e,3,true
16739,4163,thunk_FUN_8fbc,3,true
16742,4166,thunk_FUN_4f08,3,true
16745,4169,thunk_FUN_9b87,3,true
16748,416c,thunk_FUN_84ac,3,true
16751,416f,thunk_FUN_6fa2,3,true
16754,4172,thunk_FUN_6f69,3,true
16757,4175,thunk_FUN_6efd,3,true
16808,41a8,thunk_FUN_3c1b,3,true
18028,466c,FUN_466c,255,false
18283,476b,FUN_476b,170,false
18453,4815,FUN_4815,1355,false
19808,4d60,FUN_4d60,818,false
20096,4e80,FUN_4e80,76,false
20172,4ecc,FUN_4ecc,56,false
20228,4f04,FUN_4f04,4,false
20232,4f08,FUN_4f08,89,false
20321,4f61,FUN_4f61,7,false
20328,4f68,FUN_4f68,58,false
20386,4fa2,FUN_4fa2,73,false
20989,51fd,FUN_51fd,142,false
21131,528b,FUN_528b,1924,false
23055,5a0f,FUN_5a0f,88,false
23143,5a67,FUN_5a67,42,false
23185,5a91,FUN_5a91,236,false
23421,5b7d,FUN_5b7d,201,false
23622,5c46,FUN_5c46,1120,false
24756,60b4,FUN_60b4,6,false
24762,60ba,FUN_60ba,5,false
24767,60bf,FUN_60bf,21,false
24788,60d4,FUN_60d4,14,false
24802,60e2,FUN_60e2,73,false
24875,612b,FUN_612b,1141,false
26016,65a0,FUN_65a0,228,false
26244,6684,FUN_6684,753,false
27001,6979,FUN_6979,14,false
27015,6987,FUN_6987,14,false
27029,6995,FUN_6995,63,false
27092,69d4,FUN_69d4,480,false
27572,6bb4,FUN_6bb4,65,false
27637,6bf5,FUN_6bf5,82,false
27719,6c47,FUN_6c47,50,false
27769,6c79,FUN_6c79,644,false
28413,6efd,FUN_6efd,108,false
28521,6f69,FUN_6f69,57,false
28578,6fa2,FUN_6fa2,92,false
28920,70f8,FUN_70f8,15,false
29575,7387,FUN_7387,1148,false
29713,7411,FUN_7411,357,false
30086,7586,caseD_4578,13,false
30194,75f2,FUN_75f2,19,false
30885,78a5,FUN_78a5,335,false
31220,79f4,FUN_79f4,40,false
31260,7a1c,FUN_7a1c,63,false
31323,7a5b,FUN_7a5b,1206,false
32408,7e98,FUN_7e98,12,false
32420,7ea4,FUN_7ea4,5,false
32425,7ea9,FUN_7ea9,10,false
32435,7eb3,FUN_7eb3,49,false
32484,7ee4,FUN_7ee4,49,false
32533,7f15,FUN_7f15,25,false
32558,7f2e,FUN_7f2e,25,false
32583,7f47,FUN_7f47,20,false
32603,7f5b,FUN_7f5b,8,false
32611,7f63,FUN_7f63,24,false
32635,7f7b,FUN_7f7b,19,false
32654,7f8e,FUN_7f8e,20,false
32674,7fa2,FUN_7fa2,8,false
32682,7faa,FUN_7faa,9,false
32691,7fb3,FUN_7fb3,9,false
32700,7fbc,FUN_7fbc,54,false
32754,7ff2,FUN_7ff2,148,false
32902,8086,FUN_8086,494,false
33396,8274,FUN_8274,194,false
33590,8336,FUN_8336,284,false
33874,8452,FUN_8452,90,false
33964,84ac,FUN_84ac,23,false
33987,84c3,FUN_84c3,358,false
34345,8629,FUN_8629,70,false
34415,866f,FUN_866f,584,false
34999,88b7,FUN_88b7,285,false
35284,89d4,FUN_89d4,179,false
35463,8a87,FUN_8a87,54,false
35517,8abd,FUN_8abd,198,false
35715,8b83,FUN_8b83,45,false
35760,8bb0,FUN_8bb0,89,false
35849,8c09,FUN_8c09,45,false
35894,8c36,FUN_8c36,67,false
35961,8c79,FUN_8c79,655,false
36616,8f08,FUN_8f08,17,false
36633,8f19,FUN_8f19,17,false
36650,8f2a,FUN_8f2a,17,false
36667,8f3b,FUN_8f3b,51,false
36718,8f6e,FUN_8f6e,17,false
36735,8f7f,FUN_8f7f,18,false
36753,8f91,FUN_8f91,24,false
36777,8fa9,FUN_8fa9,19,false
36796,8fbc,FUN_8fbc,238,false
37034,90aa,FUN_90aa,141,false
37175,9137,FUN_9137,53,false
37228,916c,FUN_916c,1417,false
38645,96f5,FUN_96f5,1137,false
39782,9b66,FUN_9b66,33,false
39815,9b87,FUN_9b87,88,false
39903,9bdf,FUN_9bdf,337,false
40240,9d30,FUN_9d30,165,false
40405,9dd5,FUN_9dd5,336,false
40741,9f25,FUN_9f25,283,false
41025,a041,FUN_a041,123,false
41147,a0bb,FUN_a0bb,59,false
41206,a0f6,FUN_a0f6,899,false
42105,a479,FUN_a479,37,false
42142,a49e,FUN_a49e,11,false
42154,a4aa,FUN_a4aa,406,false
42560,a640,FUN_a640,20,false
42580,a654,FUN_a654,403,false
43150,a88e,FUN_a88e,643,false
43793,ab11,FUN_ab11,3626,false
56231,dba7,FUN_dba7,1,false
58388,e414,FUN_e414,1,false
